id,first_name,last_name,email,gender,ip_address
1,sheet_1,Creavin,acreavin0@ft.com,Male,219.239.109.106
2,Farand,Twoohy,ftwoohy1@unblog.fr,Female,67.166.10.128
3,Kelsey,Dabbes,kdabbes2@bing.com,Male,92.93.7.233
4,Pansie,Itzchaky,pitzchaky3@newyorker.com,Female,32.29.61.166
5,Bobbette,Tonnesen,btonnesen4@discovery.com,Female,247.13.30.175
6,Gianni,Spurier,gspurier5@feedburner.com,Male,240.87.93.73
7,Franklyn,Slaten,fslaten6@techcrunch.com,Male,232.198.29.44
8,Manda,Lovering,mlovering7@yolasite.com,Female,194.168.231.187
9,Joshia,Castelijn,jcastelijn8@scribd.com,Male,211.202.207.204
10,Kerry,Gewer,kgewer9@wordpress.org,Female,4.124.71.3
11,Vail,Bims,vbimsa@cdc.gov,Male,235.134.129.76
12,Vania,Brokenshaw,vbrokenshawb@reverbnation.com,Female,199.41.191.146
13,Egbert,Tefft,etefftc@google.nl,Male,227.22.35.202
14,Liva,Todaro,ltodarod@chron.com,Female,87.235.143.100
15,Hubey,Gladebeck,hgladebecke@alibaba.com,Male,86.118.205.151
16,Merlina,Johansen,mjohansenf@state.gov,Female,137.234.112.214
17,Hesther,Raddan,hraddang@sakura.ne.jp,Female,62.19.214.237
18,Valle,Kensy,vkensyh@cocolog-nifty.com,Male,3.219.122.240
19,Alysa,Armstrong,aarmstrongi@trellian.com,Female,249.185.255.43
20,Yetta,Oxherd,yoxherdj@nhs.uk,Female,53.50.163.137
21,Lorraine,Lafontaine,llafontainek@blinklist.com,Female,202.210.40.160
22,Griffith,Senner,gsennerl@mtv.com,Male,184.142.15.107
23,Skell,Delort,sdelortm@csmonitor.com,Male,64.74.187.203
24,Issiah,Bonnefin,ibonnefinn@about.com,Male,141.171.174.39
25,Hercules,Trafford,htraffordo@springer.com,Male,19.29.34.220
26,Corine,Ellcome,cellcomep@china.com.cn,Female,97.241.249.137
